block,start,firmware,t3_completed,t3_expected,t3_rejected,t3_miss,t3_late,t3_early,t3_detector_accepted,t3_avg_strength,t3_median_strength,t3_avg_dt_ms,dropped_dma_buffers,obs_completed,obs_detector_accepted,error,t3_log,obs_log
1,2026-10-10T12:17:47,246029b,10,10,0,0,0,0,10,17047.1,17100.5,26,0,5,0,,T3_b001_1217.246029b.log,OBS_b001_1217.246029b.log
2,2026-10-10T12:32:47,246029b,10,10,0,0,0,0,10,16512.5,16509.0,26,0,5,0,,T3_b002_1232.246029b.log,OBS_b002_1232.246029b.log
3,2026-10-10T12:47:47,246029b,10,10,0,0,0,0,10,16382.5,16366.5,25,0,5,0,,T3_b003_1247.246029b.log,OBS_b003_1247.246029b.log
4,2026-10-10T13:02:47,246029b,10,10,0,0,0,0,10,16832.5,16842.0,20,0,5,0,,T3_b004_1302.246029b.log,OBS_b004_1302.246029b.log
5,2026-10-10T13:17:47,246029b,10,10,0,0,0,0,10,15365.6,15378.5,21,0,5,0,,T3_b005_1317.246029b.log,OBS_b005_1317.246029b.log
6,2026-10-10T13:32:47,246029b,10,0,0,0,0,0,0,0.0,,-1,0,5,0,,T3_b006_1332.246029b.log,OBS_b006_1332.246029b.log
7,2026-10-10T13:47:47,246029b,10,0,0,0,0,0,0,0.0,,-1,0,5,0,,T3_b007_1347.246029b.log,OBS_b007_1347.246029b.log
8,2026-10-10T14:02:47,246029b,10,0,0,0,0,0,0,0.0,,-1,0,5,0,,T3_b008_1402.246029b.log,OBS_b008_1402.246029b.log
9,2026-10-10T14:17:47,246029b,10,0,0,0,0,0,0,0.0,,-1,0,5,0,,T3_b009_1417.246029b.log,OBS_b009_1417.246029b.log
10,2026-10-10T14:32:47,246029b,10,0,0,0,0,0,0,0.0,,-1,0,5,0,,T3_b010_1432.246029b.log,OBS_b010_1432.246029b.log
11,2026-10-10T14:47:47,246029b,10,0,0,0,0,0,0,0.0,,-1,0,5,0,,T3_b011_1447.246029b.log,OBS_b011_1447.246029b.log
12,2026-10-10T15:02:47,246029b,10,0,0,0,0,0,0,0.0,,-1,0,5,0,,T3_b012_1502.246029b.log,OBS_b012_1502.246029b.log
13,2026-10-10T15:17:47,246029b,10,0,0,0,0,0,0,0.0,,-1,0,5,0,,T3_b013_1517.246029b.log,OBS_b013_1517.246029b.log
14,2026-10-10T15:32:47,246029b,10,0,0,0,0,0,0,0.0,,-1,0,5,0,,T3_b014_1532.246029b.log,OBS_b014_1532.246029b.log
15,2026-10-10T15:47:47,246029b,10,0,0,0,0,0,0,0.0,,-1,0,5,0,,T3_b015_1547.246029b.log,OBS_b015_1547.246029b.log
16,2026-10-10T16:02:47,246029b,10,0,0,0,0,0,0,0.0,,-1,0,5,0,,T3_b016_1602.246029b.log,OBS_b016_1602.246029b.log
17,2026-10-10T16:17:47,246029b,10,0,0,0,0,0,0,0.0,,-1,0,5,0,,T3_b017_1617.246029b.log,OBS_b017_1617.246029b.log
18,2026-10-10T16:32:47,246029b,10,0,0,0,0,0,0,0.0,,-1,0,5,0,,T3_b018_1632.246029b.log,OBS_b018_1632.246029b.log
19,2026-10-10T16:47:47,246029b,10,0,0,0,0,0,0,0.0,,-1,0,5,0,,T3_b019_1647.246029b.log,OBS_b019_1647.246029b.log
20,2026-10-10T17:02:47,246029b,10,0,0,0,0,0,0,0.0,,-1,0,5,0,,T3_b020_1702.246029b.log,OBS_b020_1702.246029b.log
21,2026-10-10T17:17:47,246029b,10,0,0,0,0,0,0,0.0,,-1,0,5,0,,T3_b021_1717.246029b.log,OBS_b021_1717.246029b.log
22,2026-10-10T17:32:47,246029b,10,0,0,0,0,0,0,0.0,,-1,0,5,0,,T3_b022_1732.246029b.log,OBS_b022_1732.246029b.log
23,2026-10-10T17:47:47,246029b,10,0,0,0,0,0,0,0.0,,-1,0,5,0,,T3_b023_1747.246029b.log,OBS_b023_1747.246029b.log
24,2026-10-10T18:02:47,246029b,10,0,0,0,0,0,0,0.0,,-1,0,5,0,,T3_b024_1802.246029b.log,OBS_b024_1802.246029b.log
25,2026-10-10T18:17:47,246029b,10,0,0,0,0,0,0,0.0,,-1,0,5,0,,T3_b025_1817.246029b.log,OBS_b025_1817.246029b.log
26,2026-10-10T18:32:47,246029b,10,0,0,0,0,0,0,0.0,,-1,0,5,0,,T3_b026_1832.246029b.log,OBS_b026_1832.246029b.log
27,2026-10-10T18:47:47,246029b,10,0,0,0,0,0,0,0.0,,-1,0,5,0,,T3_b027_1847.246029b.log,OBS_b027_1847.246029b.log
28,2026-10-10T19:02:47,246029b,10,0,0,0,0,0,0,0.0,,-1,0,5,0,,T3_b028_1902.246029b.log,OBS_b028_1902.246029b.log
29,2026-10-10T19:17:47,246029b,10,0,0,0,0,0,0,0.0,,-1,0,5,0,,T3_b029_1917.246029b.log,OBS_b029_1917.246029b.log
30,2026-10-10T19:32:47,246029b,10,0,0,0,0,0,0,0.0,,-1,0,5,0,,T3_b030_1932.246029b.log,OBS_b030_1932.246029b.log
31,2026-10-10T19:47:47,246029b,10,0,0,0,0,0,0,0.0,,-1,0,5,0,,T3_b031_1947.246029b.log,OBS_b031_1947.246029b.log
32,2026-10-10T20:02:47,246029b,10,0,0,0,0,0,0,0.0,,-1,0,5,0,,T3_b032_2002.246029b.log,OBS_b032_2002.246029b.log
33,2026-10-10T20:17:47,246029b,10,0,0,0,0,0,0,0.0,,-1,0,5,0,,T3_b033_2017.246029b.log,OBS_b033_2017.246029b.log
