start_i,center_i,ms,goertzel_x1000
0,64.0,4.0,596.6252484468608
4,68.0,4.25,612.0834281368284
8,72.0,4.5,535.8182890328553
12,76.0,4.75,436.60983632375564
16,80.0,5.0,459.0160800146177
20,84.0,5.25,450.41761128100876
24,88.0,5.5,495.33744176461863
28,92.0,5.75,456.7465862741878
32,96.0,6.0,291.3400987928174
36,100.0,6.25,292.7491557695103
40,104.0,6.5,443.40406913982486
44,108.0,6.75,421.55126451464884
48,112.0,7.0,380.7121182744055
52,116.0,7.25,233.33137773370606
56,120.0,7.5,192.646820631493
60,124.0,7.75,367.7805632117313
64,128.0,8.0,439.79767959221294
68,132.0,8.25,335.1829757950655
72,136.0,8.5,245.0166548196318
76,140.0,8.75,73.48115582990312
80,144.0,9.0,234.45454153499492
84,148.0,9.25,331.0147218894719
88,152.0,9.5,355.08446325641535
92,156.0,9.75,93.14024213511644
96,160.0,10.0,97.39897898239983
100,164.0,10.25,228.20548119482322
104,168.0,10.5,176.37079309566712
108,172.0,10.75,72.3128596698907
112,176.0,11.0,215.3371413901455
116,180.0,11.25,292.0214625786251
120,184.0,11.5,221.08461843588555
124,188.0,11.75,99.43531607228034
128,192.0,12.0,378.260534424568
132,196.0,12.25,669.0081505113785
136,200.0,12.5,1523.0676302184418
140,204.0,12.75,1300.3585073270922
144,208.0,13.0,862.5693283472502
148,212.0,13.25,307.12198399926444
152,216.0,13.5,1030.3710815958511
156,220.0,13.75,1900.1336504301066
160,224.0,14.0,1573.9527311627096
164,228.0,14.25,1047.7945374342266
168,232.0,14.5,476.1688271202047
172,236.0,14.75,1362.98025557772
176,240.0,15.0,2250.118493696128
180,244.0,15.25,1825.3054932958603
184,248.0,15.5,1200.1910967546446
188,252.0,15.75,769.3888159405822
192,256.0,16.0,1771.9956903340449
196,260.0,16.25,2594.115335400182
200,264.0,16.5,2053.206275377813
204,268.0,16.75,1475.056820389585
208,272.0,17.0,1009.9063801068315
212,276.0,17.25,2061.820648776194
216,280.0,17.5,2872.279070416788
220,284.0,17.75,2212.890025814473
224,288.0,18.0,1626.5176246490948
228,292.0,18.25,1351.8886362755525
232,296.0,18.5,2339.2962929821324
236,300.0,18.75,3200.4570608954423
240,304.0,19.0,2646.9342951480494
244,308.0,19.25,2016.8133661246866
248,312.0,19.5,1640.3263615037915
252,316.0,19.75,2822.1909567151943
256,320.0,20.0,3798.6618269107635
260,324.0,20.25,2175.197446942563
264,328.0,20.5,1073.2092451309493
268,332.0,20.75,1751.2695205575872
272,336.0,21.0,2454.6822593925913
276,340.0,21.25,3631.0795295986027
280,344.0,21.5,2310.3191255757924
284,348.0,21.75,1225.9172623318077
288,352.0,22.0,1692.7064202632923
292,356.0,22.25,2456.7744977953375
296,360.0,22.5,3668.2078479378833
300,364.0,22.75,2365.1139867630204
304,368.0,23.0,1325.2130093974774
308,372.0,23.25,1667.3297909893236
312,376.0,23.5,2474.023910255257
316,380.0,23.75,3539.53593662535
320,384.0,24.0,2355.449834369477
324,388.0,24.25,1589.3722951954471
328,392.0,24.5,1721.608369817464
332,396.0,24.75,2490.1966826047833
336,400.0,25.0,3721.946078930752
340,404.0,25.25,2415.688770426109
344,408.0,25.5,1620.0972252801866
348,412.0,25.75,1731.5800477245218
352,416.0,26.0,2559.926055861265
356,420.0,26.25,3584.4468683871337
360,424.0,26.5,2470.5587363005766
364,428.0,26.75,1788.4646185814427
368,432.0,27.0,1736.880817685837
372,436.0,27.25,2502.0845542908846
376,440.0,27.5,3467.1296286017955
380,444.0,27.75,2326.9188302113935
384,448.0,28.0,1668.5392107865007
388,452.0,28.25,2474.5645277195536
392,456.0,28.5,2664.7714954560624
396,460.0,28.75,2561.153863210992
400,464.0,29.0,2537.886973726328
404,468.0,29.25,1770.878375172454
408,472.0,29.5,2288.9372256427514
412,476.0,29.75,2248.952223240239
416,480.0,30.0,2288.009982343399
420,484.0,30.25,2137.4268523250007
424,488.0,30.5,1542.2650415499263
428,492.0,30.75,2134.8727014205315
432,496.0,31.0,1942.5369789208544
436,500.0,31.25,2316.560847891056
440,504.0,31.5,1896.261681552358
444,508.0,31.75,1603.0351766394313
448,512.0,32.0,2086.7343687329576
452,516.0,32.25,1839.9310124580145
456,520.0,32.5,2468.3986181341934
460,524.0,32.75,1786.974107435853
464,528.0,33.0,1770.6149566813897
468,532.0,33.25,2225.5618505115435
472,536.0,33.5,1971.2515675707375
476,540.0,33.75,2610.0455230298785
480,544.0,34.0,1925.2979163107957
484,548.0,34.25,1980.437169117149
488,552.0,34.5,2434.025799772282
492,556.0,34.75,2243.1972620471347
496,560.0,35.0,2825.199952174402
500,564.0,35.25,1888.8874181676247
504,568.0,35.5,2086.4418229793564
508,572.0,35.75,2724.123292093496
512,576.0,36.0,2598.2749662873016
516,580.0,36.25,2409.819506106117
520,584.0,36.5,2291.2888673651973
524,588.0,36.75,2100.0906735411536
528,592.0,37.0,2577.277969788584
532,596.0,37.25,2558.3549555835352
536,600.0,37.5,2419.746196752512
540,604.0,37.75,2199.697070504521
544,608.0,38.0,2190.910045867547
548,612.0,38.25,2833.3064316787777
552,616.0,38.5,2584.4411356238943
556,620.0,38.75,2394.266977468564
560,624.0,39.0,2138.8868908817035
564,628.0,39.25,2166.853664457295
568,632.0,39.5,2905.160533422877
572,636.0,39.75,2709.833745377245
576,640.0,40.0,2436.679863917473
580,644.0,40.25,2237.999416966524
584,648.0,40.5,2375.4177097949373
588,652.0,40.75,2983.7897588390406
592,656.0,41.0,2732.7337583245762
596,660.0,41.25,2311.709207446685
600,664.0,41.5,2088.382622192199
604,668.0,41.75,2360.605360945044
608,672.0,42.0,2814.1303403622537
612,676.0,42.25,2668.183370280043
616,680.0,42.5,2290.2042935262048
620,684.0,42.75,1866.4948700287398
624,688.0,43.0,2404.9534274921803
628,692.0,43.25,2824.7840332324977
632,696.0,43.5,2784.3156195882484
636,700.0,43.75,2327.6206813055546
640,704.0,44.0,1763.2054723895333
644,708.0,44.25,3538.4315314168302
648,712.0,44.5,3889.4903434911716
652,716.0,44.75,4263.049359227926
656,720.0,45.0,2551.4984840778593
660,724.0,45.25,1492.853248418208
664,728.0,45.5,3189.901489951873
668,732.0,45.75,3549.177248461977
672,736.0,46.0,4171.509713332757
676,740.0,46.25,2390.123752679602
680,744.0,46.5,1458.156799988436
684,748.0,46.75,2946.134680633713
688,752.0,47.0,3301.656077462718
692,756.0,47.25,4102.623947047784
696,760.0,47.5,2334.9805701226896
700,764.0,47.75,1331.4719078795686
704,768.0,48.0,2630.2866967252326
708,772.0,48.25,2965.843361000459
712,776.0,48.5,3949.3059726329766
716,780.0,48.75,2286.4487996783
720,784.0,49.0,1376.130444597268
724,788.0,49.25,2427.2179818619343
728,792.0,49.5,2878.8858515639936
732,796.0,49.75,4024.7267008779195
736,800.0,50.0,2373.3503868157013
740,804.0,50.25,1472.4629870113067
744,808.0,50.5,2379.528234402336
748,812.0,50.75,2858.2136991425605
752,816.0,51.0,4076.1577015813496
756,820.0,51.25,2497.618470965354
760,824.0,51.5,1685.5918774260892
764,828.0,51.75,2049.765400296479
768,832.0,52.0,2652.9331591363316
772,836.0,52.25,2993.8932153724522
776,840.0,52.5,2821.013968495557
780,844.0,52.75,2046.5297593341659
784,848.0,53.0,1529.886703896438
788,852.0,53.25,2727.476617678342
792,856.0,53.5,2992.6784318969067
796,860.0,53.75,2744.944830132057
800,864.0,54.0,2028.5824227745252
804,868.0,54.25,1602.1490204197119
808,872.0,54.5,2573.050363518248
812,876.0,54.75,2845.7148078000932
816,880.0,55.0,2667.825588087238
820,884.0,55.25,1962.937409216164
824,888.0,55.5,1590.299062022028
828,892.0,55.75,2524.6857189974426
832,896.0,56.0,2774.218373271012
836,900.0,56.25,2729.807283182975
840,904.0,56.5,2039.3484243911905
844,908.0,56.75,1701.5591443033197
848,912.0,57.0,2484.2794625731444
852,916.0,57.25,2724.693264027171
856,920.0,57.5,2716.283291910806
860,924.0,57.75,2164.0589967905653
864,928.0,58.0,1731.6778926996644
868,932.0,58.25,2278.6263021172485
872,936.0,58.5,2626.7087887042894
876,940.0,58.75,2620.163753219294
880,944.0,59.0,2220.621336494719
884,948.0,59.25,1838.0137540137473
888,952.0,59.5,2221.992436675929
892,956.0,59.75,2619.1564486283155
896,960.0,60.0,2478.321604759368
900,964.0,60.25,1179.3447823036668
904,968.0,60.5,535.5610397812661
908,972.0,60.75,2152.1146731313465
912,976.0,61.0,2040.6469726486666
916,980.0,61.25,2403.6979539791696
920,984.0,61.5,1103.8307458333713
924,988.0,61.75,453.0993557995291
928,992.0,62.0,1807.2254248060165
932,996.0,62.25,1798.7486612244875
936,1000.0,62.5,2266.5882570382855
940,1004.0,62.75,1052.7705445115625
944,1008.0,63.0,558.4306408415596
948,1012.0,63.25,1444.9137896497919
952,1016.0,63.5,1554.1117620457362
956,1020.0,63.75,2156.9348221891214
960,1024.0,64.0,1209.8688543065305
964,1028.0,64.25,879.5441867301419
968,1032.0,64.5,1156.2849338997228
972,1036.0,64.75,1400.2027381491805
976,1040.0,65.0,2274.705754439544
980,1044.0,65.25,1444.5839697390293
984,1048.0,65.5,1170.7726961788228
988,1052.0,65.75,937.4166214950716
992,1056.0,66.0,1278.9382898394715
996,1060.0,66.25,2343.8033244341023
1000,1064.0,66.5,1510.167237689837
1004,1068.0,66.75,1401.0277848035203
1008,1072.0,67.0,723.6305041012308
1012,1076.0,67.25,1148.2551314104603
1016,1080.0,67.5,2444.8954657469817
1020,1084.0,67.75,1848.444503803783
1024,1088.0,68.0,1861.241258780527
1028,1092.0,68.25,1837.4655649130252
1032,1096.0,68.5,2204.1895700267746
1036,1100.0,68.75,2325.7972223726792
1040,1104.0,69.0,2336.02437713796
1044,1108.0,69.25,1855.4669860887143
1048,1112.0,69.5,1673.7046148460433
1052,1116.0,69.75,2038.0292213259388
1056,1120.0,70.0,2344.6951851286944
1060,1124.0,70.25,2499.4065678266447
1064,1128.0,70.5,2029.0705951698342
1068,1132.0,70.75,1786.7169661417895
1072,1136.0,71.0,2140.3626476113386
1076,1140.0,71.25,2357.207852326802
1080,1144.0,71.5,2460.956167836641
1084,1148.0,71.75,1939.7003579406703
1088,1152.0,72.0,1550.5875695618367
1092,1156.0,72.25,2044.189128542785
1096,1160.0,72.5,2270.4524553777965
1100,1164.0,72.75,2314.473077968894
1104,1168.0,73.0,1880.167905203782
1108,1172.0,73.25,1408.7404891889244
1112,1176.0,73.5,2059.1070408498217
1116,1180.0,73.75,2355.273045013333
1120,1184.0,74.0,2553.3523462233748
1124,1188.0,74.25,2030.581609560028
1128,1192.0,74.5,1597.7833650071457
1132,1196.0,74.75,2171.4925141359627
1136,1200.0,75.0,2526.876514642677
1140,1204.0,75.25,2666.8223668951196
1144,1208.0,75.5,2084.8717497922685
1148,1212.0,75.75,1655.8065460036414
1152,1216.0,76.0,2256.1921823898906
1156,1220.0,76.25,1705.4984949714378
1160,1224.0,76.5,1607.3710919052426
1164,1228.0,76.75,816.8915842187263
1168,1232.0,77.0,561.3535170778875
1172,1236.0,77.25,2034.6145512096102
1176,1240.0,77.5,1577.631522301312
1180,1244.0,77.75,1551.9756683902992
1184,1248.0,78.0,694.8573067086043
1188,1252.0,78.25,291.3458088742032
1192,1256.0,78.5,1683.7022327896418
1196,1260.0,78.75,1163.347487765365
1200,1264.0,79.0,1308.1547231243035
1204,1268.0,79.25,376.0833616154746
1208,1272.0,79.5,32.74089873146448
1212,1276.0,79.75,1371.7991220003653
1216,1280.0,80.0,977.8203075842273
1220,1284.0,80.25,1313.2455900289065
1224,1288.0,80.5,417.4395262494974
1228,1292.0,80.75,307.8866847682109
1232,1296.0,81.0,1065.5340869609884
1236,1300.0,81.25,761.5239551894185
1240,1304.0,81.5,1200.7354469506054
1244,1308.0,81.75,509.1895265106998
1248,1312.0,82.0,609.4915760303523
1252,1316.0,82.25,644.4172180718184
1256,1320.0,82.5,415.5687697315096
1260,1324.0,82.75,1211.3531396453313
1264,1328.0,83.0,790.002427599843
1268,1332.0,83.25,1014.9816676006767
1272,1336.0,83.5,318.39286043115624
1276,1340.0,83.75,617.5753787915652
1280,1344.0,84.0,1497.0572151723138
1284,1348.0,84.25,1866.475189077091
1288,1352.0,84.5,1718.3844019673923
1292,1356.0,84.75,2579.709826434422
1296,1360.0,85.0,1957.580425499913
1300,1364.0,85.25,1451.9913165196097
1304,1368.0,85.5,1846.7988761210113
1308,1372.0,85.75,1714.3396326296288
1312,1376.0,86.0,2611.446410422184
1316,1380.0,86.25,1946.5377558084974
1320,1384.0,86.5,1399.9060296085115
1324,1388.0,86.75,1827.7551387610629
1328,1392.0,87.0,1676.2667022286018
1332,1396.0,87.25,2596.1920272300267
1336,1400.0,87.5,1916.1438661991485
1340,1404.0,87.75,1302.8928680869362
1344,1408.0,88.0,1661.160554165416
1348,1412.0,88.25,1649.9046864028096
1352,1416.0,88.5,2570.510338499639
1356,1420.0,88.75,1893.0496383809018
1360,1424.0,89.0,1384.266556107105
1364,1428.0,89.25,1831.764916175496
1368,1432.0,89.5,1844.4842413384688
1372,1436.0,89.75,2718.543044686464
1376,1440.0,90.0,2017.2379760550175
1380,1444.0,90.25,1414.6682584909192
1384,1448.0,90.5,1899.795919447052
1388,1452.0,90.75,1914.3602292931644
1392,1456.0,91.0,2728.164055384941
1396,1460.0,91.25,2016.5342900287917
1400,1464.0,91.5,1410.6674656259265
1404,1468.0,91.75,1776.1572487877547
1408,1472.0,92.0,1877.4952251518816
1412,1476.0,92.25,1865.3937656766543
1416,1480.0,92.5,2053.607156605963
1420,1484.0,92.75,1313.7966181496818
1424,1488.0,93.0,1771.1883759256636
1428,1492.0,93.25,1645.624892381671
1432,1496.0,93.5,1799.2461723848103
1436,1500.0,93.75,1900.7250704313974
1440,1504.0,94.0,1327.9564339290814
1444,1508.0,94.25,1826.460784642605
1448,1512.0,94.5,1586.7394160354627
1452,1516.0,94.75,1894.4406783876136
1456,1520.0,95.0,1893.9941238243346
1460,1524.0,95.25,1553.1062800580185
1464,1528.0,95.5,1984.3140204289994
1468,1532.0,95.75,1691.4128156454242
1472,1536.0,96.0,2169.906352006733
1476,1540.0,96.25,2046.3926241673205
1480,1544.0,96.5,1750.472261063751
1484,1548.0,96.75,2031.1529983462235
1488,1552.0,97.0,1733.8035625541943
1492,1556.0,97.25,2270.4661214884686
1496,1560.0,97.5,2132.714196894013
1500,1564.0,97.75,1955.128069775946
1504,1568.0,98.0,2292.92346974521
1508,1572.0,98.25,1958.0145414143121
1512,1576.0,98.5,2513.8739394715712
1516,1580.0,98.75,2206.6128507153912
1520,1584.0,99.0,2113.873505156902
1524,1588.0,99.25,2427.0973923190136
1528,1592.0,99.5,2068.412179021498
1532,1596.0,99.75,2677.372455562058
1536,1600.0,100.0,2309.284861804867
1540,1604.0,100.25,1637.6338608258638
1544,1608.0,100.5,1376.103529993963
1548,1612.0,100.75,1933.0543816221912
1552,1616.0,101.0,1780.7019569616027
1556,1620.0,101.25,2186.066235618032
1560,1624.0,101.5,1679.0579497786835
1564,1628.0,101.75,1470.0088131718135
1568,1632.0,102.0,2001.0049821142816
1572,1636.0,102.25,1852.0074965075178
1576,1640.0,102.5,2131.138415254935
1580,1644.0,102.75,1696.224250174962
1584,1648.0,103.0,1658.3994653517998
1588,1652.0,103.25,2206.2549699330534
1592,1656.0,103.5,1953.813109452048
1596,1660.0,103.75,2044.2145946795408
1600,1664.0,104.0,1749.480074447829
1604,1668.0,104.25,1819.805062838578
1608,1672.0,104.5,2375.4294964660176
1612,1676.0,104.75,2038.7616511786732
1616,1680.0,105.0,2098.956471928195
1620,1684.0,105.25,1812.980357821806
1624,1688.0,105.5,1901.5962372200559
1628,1692.0,105.75,2469.946684025139
1632,1696.0,106.0,2155.6645369768407
1636,1700.0,106.25,2115.424366696522
1640,1704.0,106.5,1928.8721738392032
1644,1708.0,106.75,2180.9938078016694
1648,1712.0,107.0,2727.0782317670773
1652,1716.0,107.25,2260.3211874351628
1656,1720.0,107.5,2139.1410328326215
1660,1724.0,107.75,2002.730813212751
1664,1728.0,108.0,2329.1304771968207
1668,1732.0,108.25,3326.76615772667
1672,1736.0,108.5,2070.5904585659046
1676,1740.0,108.75,1110.6175771394726
1680,1744.0,109.0,1619.7322960472623
1684,1748.0,109.25,1958.797898348414
1688,1752.0,109.5,2911.7298046374367
1692,1756.0,109.75,2017.4977057479152
1696,1760.0,110.0,962.8492790499765
1700,1764.0,110.25,1427.5182552113706
1704,1768.0,110.5,1662.1516996478638
1708,1772.0,110.75,2642.7311173673666
1712,1776.0,111.0,1776.9049298299328
1716,1780.0,111.25,580.6459462325728
1720,1784.0,111.5,1503.944418877062
1724,1788.0,111.75,1479.2549453683325
1728,1792.0,112.0,2087.378364770644
1732,1796.0,112.25,1795.1968474510415
1736,1800.0,112.5,909.8554627162112
1740,1804.0,112.75,1379.4206305148086
1744,1808.0,113.0,1297.9610649459016
1748,1812.0,113.25,1817.7843797594414
1752,1816.0,113.5,1862.8925262927248
1756,1820.0,113.75,1596.0631944138188
1760,1824.0,114.0,1360.8875632847962
1764,1828.0,114.25,1069.661671343107
1768,1832.0,114.5,1652.404995144064
1772,1836.0,114.75,2053.6644468222626
1776,1840.0,115.0,2164.6504552716033
1780,1844.0,115.25,1594.6369987220812
1784,1848.0,115.5,871.6822444584229
1788,1852.0,115.75,1476.658846445463
1792,1856.0,116.0,2410.9373837665157
1796,1860.0,116.25,2860.476389295963
1800,1864.0,116.5,1943.60715488821
1804,1868.0,116.75,1685.062246670096
1808,1872.0,117.0,1806.8294344023477
1812,1876.0,117.25,2586.794357156045
1816,1880.0,117.5,2670.0974568442166
1820,1884.0,117.75,2155.3691997340306
1824,1888.0,118.0,1656.0262705132848
1828,1892.0,118.25,1699.2003191115234
1832,1896.0,118.5,2492.880129558093
1836,1900.0,118.75,2638.111936060464
1840,1904.0,119.0,2171.914813443247
1844,1908.0,119.25,1676.9585630411832
1848,1912.0,119.5,1783.2575174490712
1852,1916.0,119.75,2684.6372489946843
1856,1920.0,120.0,2391.4281470755573
1860,1924.0,120.25,2149.8043884809153
1864,1928.0,120.5,1952.1852461777546
1868,1932.0,120.75,1574.2230995361776
1872,1936.0,121.0,2843.650704692358
1876,1940.0,121.25,2206.590328281252
1880,1944.0,121.5,2238.543108682869
1884,1948.0,121.75,2363.771295708311
1888,1952.0,122.0,1388.2519400014266
1892,1956.0,122.25,2850.1507210238306
1896,1960.0,122.5,2203.2919389476683
1900,1964.0,122.75,2326.797380606327
1904,1968.0,123.0,2194.368317709664
1908,1972.0,123.25,1416.2651746318725
1912,1976.0,123.5,2795.7782967581475
1916,1980.0,123.75,2085.8277418732696
1920,1984.0,124.0,2210.4734839912057
1924,1988.0,124.25,988.8064319045266
1928,1992.0,124.5,898.414746976372
1932,1996.0,124.75,1840.5126673757081
1936,2000.0,125.0,1965.9494146307459
1940,2004.0,125.25,2289.3997571207624
1944,2008.0,125.5,902.5889343310838
1948,2012.0,125.75,815.8122485419074
1952,2016.0,126.0,1664.3318791682477
1956,2020.0,126.25,1840.1162125553653
1960,2024.0,126.5,2130.4069135273708
1964,2028.0,126.75,908.4488163806155
1968,2032.0,127.0,768.480461076449
1972,2036.0,127.25,1580.1300484282424
1976,2040.0,127.5,1770.661753022812
1980,2044.0,127.75,2009.5286068712408
1984,2048.0,128.0,821.5461580803264
1988,2052.0,128.25,661.8006501884032
1992,2056.0,128.5,1597.7570814420274
1996,2060.0,128.75,1607.4813423766946
2000,2064.0,129.0,1868.191309133385
2004,2068.0,129.25,933.4703819652658
2008,2072.0,129.5,613.565025152837
2012,2076.0,129.75,1386.7024351475636
2016,2080.0,130.0,1401.0585464767148
2020,2084.0,130.25,1773.3673919562993
2024,2088.0,130.5,947.3338622386377
2028,2092.0,130.75,708.4780633891916
2032,2096.0,131.0,1109.8560745469779
2036,2100.0,131.25,1344.2833147916358
2040,2104.0,131.5,1518.1862725943934
2044,2108.0,131.75,882.754638222412
2048,2112.0,132.0,729.6375700060373
2052,2116.0,132.25,216.53845431547896
2056,2120.0,132.5,621.5235580582464
2060,2124.0,132.75,470.22388934097484
2064,2128.0,133.0,699.4507970618758
2068,2132.0,133.25,673.1506557656527
2072,2136.0,133.5,337.260374339843
2076,2140.0,133.75,644.1719893097518
2080,2144.0,134.0,432.9801865742919
2084,2148.0,134.25,631.616699125917
2088,2152.0,134.5,512.0891973739004
2092,2156.0,134.75,367.0839471529755
2096,2160.0,135.0,563.8632704331526
2100,2164.0,135.25,379.9697641926734
2104,2168.0,135.5,562.1724295015188
2108,2172.0,135.75,431.8980747345564
2112,2176.0,136.0,541.0664446952583
2116,2180.0,136.25,594.3325980688272
2120,2184.0,136.5,229.11451503228048
2124,2188.0,136.75,439.93540738263516
2128,2192.0,137.0,128.15644990868086
2132,2196.0,137.25,607.2332322835279
2136,2200.0,137.5,721.5506932419471
2140,2204.0,137.75,151.15662575811393
2144,2208.0,138.0,413.09982986699697
2148,2212.0,138.25,189.04495006810603
2152,2216.0,138.5,615.4157948251298
2156,2220.0,138.75,660.5122004057007
2160,2224.0,139.0,148.48234449001237
2164,2228.0,139.25,623.9288905595977
2168,2232.0,139.5,379.62021114957037
2172,2236.0,139.75,841.7770597436368
2176,2240.0,140.0,722.7682011240662
2180,2244.0,140.25,937.0895383283214
2184,2248.0,140.5,453.8131998581965
2188,2252.0,140.75,475.6353716120287
2192,2256.0,141.0,372.07097416907436
2196,2260.0,141.25,554.278484868861
2200,2264.0,141.5,835.0195254581755
2204,2268.0,141.75,366.3055063721195
2208,2272.0,142.0,369.48503988906464
2212,2276.0,142.25,394.0912003055617
2216,2280.0,142.5,546.9101119433966
2220,2284.0,142.75,829.6073612476616
2224,2288.0,143.0,566.2325221763052
2228,2292.0,143.25,404.8704711685969
2232,2296.0,143.5,404.5288215177384
2236,2300.0,143.75,674.9726778993204
2240,2304.0,144.0,771.6873358275988
2244,2308.0,144.25,382.5281746536667
2248,2312.0,144.5,201.48757576861533
2252,2316.0,144.75,422.0711822979175
2256,2320.0,145.0,557.7470668029239
2260,2324.0,145.25,630.3156835153251
2264,2328.0,145.5,310.1132152886758
2268,2332.0,145.75,150.47540325886496
2272,2336.0,146.0,534.9174735832286
2276,2340.0,146.25,384.6238286015228
2280,2344.0,146.5,661.7303456195118
2284,2348.0,146.75,169.36376932761138
2288,2352.0,147.0,123.75587575411713
2292,2356.0,147.25,732.5395415358798
2296,2360.0,147.5,406.2044495905371
2300,2364.0,147.75,703.3981039092893
2304,2368.0,148.0,181.37318642226188
2308,2372.0,148.25,947.4361238423775
2312,2376.0,148.5,469.65699418590873
2316,2380.0,148.75,349.13047174818144
2320,2384.0,149.0,985.2066935143661
2324,2388.0,149.25,80.11115823576068
2328,2392.0,149.5,827.1517715006496
2332,2396.0,149.75,574.420744665918
2336,2400.0,150.0,426.484776371363
2340,2404.0,150.25,1087.8696435487082
2344,2408.0,150.5,79.03287769515461
2348,2412.0,150.75,773.44248650818
2352,2416.0,151.0,678.9216486510787
2356,2420.0,151.25,397.83805528774036
2360,2424.0,151.5,1092.6356020094038
2364,2428.0,151.75,43.34778791900853
2368,2432.0,152.0,815.6655303177612
2372,2436.0,152.25,579.4180094279324
2376,2440.0,152.5,395.4629447300061
2380,2444.0,152.75,1043.0815893644894
2384,2448.0,153.0,15.381821968734355
2388,2452.0,153.25,848.5886529808937
2392,2456.0,153.5,440.0978935556439
2396,2460.0,153.75,350.8790805014037
2400,2464.0,154.0,1171.5864035275115
2404,2468.0,154.25,112.52622510521887
2408,2472.0,154.5,808.6846951069896
2412,2476.0,154.75,302.11365536220245
2416,2480.0,155.0,437.156419948987
2420,2484.0,155.25,1214.1848097817735
2424,2488.0,155.5,246.01346056784317
2428,2492.0,155.75,695.5584997980486
2432,2496.0,156.0,418.7364645949524
2436,2500.0,156.25,993.632571678648
2440,2504.0,156.5,729.4217186254476
2444,2508.0,156.75,575.6464155820349
2448,2512.0,157.0,469.2905746153747
2452,2516.0,157.25,455.0199863147909
2456,2520.0,157.5,904.0367037122579
2460,2524.0,157.75,623.3043904787896
2464,2528.0,158.0,383.87049695699454
2468,2532.0,158.25,558.5163047230349
2472,2536.0,158.5,493.00261298157403
2476,2540.0,158.75,770.7040719767353
2480,2544.0,159.0,497.1040037033344
2484,2548.0,159.25,391.6211072809998
2488,2552.0,159.5,587.6832650929726
2492,2556.0,159.75,366.7148582754144
2496,2560.0,160.0,776.0173656783642
2500,2564.0,160.25,357.1153215217524
2504,2568.0,160.5,426.8810095933467
2508,2572.0,160.75,594.7773635338524
2512,2576.0,161.0,344.27830210154355
2516,2580.0,161.25,940.6366369454478
2520,2584.0,161.5,381.4681656356141
2524,2588.0,161.75,271.330316722754
2528,2592.0,162.0,742.2582242901173
2532,2596.0,162.25,435.02695792289285
2536,2600.0,162.5,900.1372031765542
2540,2604.0,162.75,180.11134050219013
2544,2608.0,163.0,219.8108898427986
2548,2612.0,163.25,746.6652774368248
2552,2616.0,163.5,414.5190604273611
2556,2620.0,163.75,778.6055579966066
2560,2624.0,164.0,161.48959912041576
2564,2628.0,164.25,621.1559047724078
2568,2632.0,164.5,229.0952190324586
2572,2636.0,164.75,811.1623159470657
2576,2640.0,165.0,187.58878000735052
2580,2644.0,165.25,256.0745868370815
2584,2648.0,165.5,743.2463157341649
2588,2652.0,165.75,206.71513078940623
2592,2656.0,166.0,521.4800052149044
2596,2660.0,166.25,102.76988598814876
2600,2664.0,166.5,305.99776742848877
2604,2668.0,166.75,707.0638696910685
2608,2672.0,167.0,118.09155368857277
2612,2676.0,167.25,582.3353735155677
2616,2680.0,167.5,96.3089546903784
2620,2684.0,167.75,192.36336128879032
2624,2688.0,168.0,725.7516783684537
2628,2692.0,168.25,157.17880093366787
2632,2696.0,168.5,629.5697960779313
2636,2700.0,168.75,128.49414892292387
2640,2704.0,169.0,178.40726516272582
2644,2708.0,169.25,760.3450250023236
2648,2712.0,169.5,216.2447806427181
2652,2716.0,169.75,558.2027744208754
2656,2720.0,170.0,150.63873652089003
2660,2724.0,170.25,183.78066910358618
2664,2728.0,170.5,587.4912477808307
2668,2732.0,170.75,174.6196296590049
2672,2736.0,171.0,606.5307085392319
2676,2740.0,171.25,155.38709006180068
2680,2744.0,171.5,119.05526605392836
2684,2748.0,171.75,591.338979749466
2688,2752.0,172.0,132.4667375311603
2692,2756.0,172.25,911.7083833527088
2696,2760.0,172.5,716.8337499484751
2700,2764.0,172.75,835.4350470723836
2704,2768.0,173.0,432.336234589639
2708,2772.0,173.25,296.2555124240172
2712,2776.0,173.5,962.4732218808786
2716,2780.0,173.75,761.103251712502
2720,2784.0,174.0,788.451563326099
2724,2788.0,174.25,368.41201201828295
2728,2792.0,174.5,284.82149006322595
2732,2796.0,174.75,974.2415628378718
2736,2800.0,175.0,825.2203909447488
2740,2804.0,175.25,868.5660358184793
2744,2808.0,175.5,441.3756487443586
2748,2812.0,175.75,344.7932460065358
2752,2816.0,176.0,1110.1813314288427
2756,2820.0,176.25,926.9343394195083
2760,2824.0,176.5,989.1259040865449
2764,2828.0,176.75,528.7032042007455
2768,2832.0,177.0,397.08244568426625
2772,2836.0,177.25,1132.0102653660247
2776,2840.0,177.5,992.9467908169757
2780,2844.0,177.75,1021.4644142144848
2784,2848.0,178.0,471.5382963262319
2788,2852.0,178.25,371.7080945374247
2792,2856.0,178.5,1093.7830813550438
2796,2860.0,178.75,964.8556616558477
2800,2864.0,179.0,1037.1703677964856
2804,2868.0,179.25,515.7685592019818
2808,2872.0,179.5,283.3085048352623
2812,2876.0,179.75,1032.6274355754624
2816,2880.0,180.0,931.3056049309437
2820,2884.0,180.25,386.98354219146853
2824,2888.0,180.5,131.72560822292508
2828,2892.0,180.75,841.9621014092328
2832,2896.0,181.0,250.19662829546112
2836,2900.0,181.25,1017.7192858657098
2840,2904.0,181.5,604.1750202166829
2844,2908.0,181.75,341.51664707591647
2848,2912.0,182.0,775.4196762677808
2852,2916.0,182.25,358.3470925578923
2856,2920.0,182.5,1229.0176206219078
2860,2924.0,182.75,636.0971953798193
2864,2928.0,183.0,396.6469768291441
2868,2932.0,183.25,763.2656435389586
2872,2936.0,183.5,426.02833645679607
2876,2940.0,183.75,1279.9021413819814
2880,2944.0,184.0,751.3778550890145
2884,2948.0,184.25,516.9244476196217
2888,2952.0,184.5,816.9290421134684
2892,2956.0,184.75,464.39974410154275
2896,2960.0,185.0,1180.6105988420181
2900,2964.0,185.25,737.4276943158603
2904,2968.0,185.5,700.0997805742277
2908,2972.0,185.75,927.145426429993
2912,2976.0,186.0,527.7786312788724
2916,2980.0,186.25,1053.6520327831981
2920,2984.0,186.5,732.3444066265782
2924,2988.0,186.75,932.4374260200004
2928,2992.0,187.0,1024.348852705393
2932,2996.0,187.25,633.2750460447955
2936,3000.0,187.5,1198.0313834327446
2940,3004.0,187.75,908.4531893277928
2944,3008.0,188.0,934.688848276283
2948,3012.0,188.25,942.1436703421666
2952,3016.0,188.5,1252.6021284769874
2956,3020.0,188.75,1521.8445315574122
2960,3024.0,189.0,812.9714950284306
2964,3028.0,189.25,965.1518378139635
2968,3032.0,189.5,1180.658819844184
2972,3036.0,189.75,1447.9712918881617
2976,3040.0,190.0,1542.5470004508284
2980,3044.0,190.25,724.6735030745931
2984,3048.0,190.5,1051.981146422211
2988,3052.0,190.75,1202.8163105147885
2992,3056.0,191.0,1502.404071481653
2996,3060.0,191.25,1447.2165012802313
3000,3064.0,191.5,709.1177995249911
3004,3068.0,191.75,1190.9520131166503
3008,3072.0,192.0,1174.5949465418303
3012,3076.0,192.25,1532.8043790843813
3016,3080.0,192.5,1505.649449335444
3020,3084.0,192.75,825.7659190664783
3024,3088.0,193.0,1058.9035723734748
3028,3092.0,193.25,1104.5669299347783
3032,3096.0,193.5,1517.0712956338464
3036,3100.0,193.75,1516.2559089270633
3040,3104.0,194.0,902.9463601977066
3044,3108.0,194.25,824.9658641369817
3048,3112.0,194.5,1143.9277732115063
3052,3116.0,194.75,1571.9539098976602
3056,3120.0,195.0,1541.196544676525
3060,3124.0,195.25,902.5458845791326
3064,3128.0,195.5,858.197353545301
3068,3132.0,195.75,1196.1294199346626
3072,3136.0,196.0,1594.0294333750103
3076,3140.0,196.25,1160.3415594800788
3080,3144.0,196.5,1279.1724303237204
3084,3148.0,196.75,1190.7337360444005
3088,3152.0,197.0,1187.1196964459743
3092,3156.0,197.25,1550.9777464324598
3096,3160.0,197.5,1047.4465766613537
3100,3164.0,197.75,1193.2893298585184
3104,3168.0,198.0,1063.1182418638134
3108,3172.0,198.25,946.5210983421882
3112,3176.0,198.5,1463.3011170458644
3116,3180.0,198.75,1034.3377786398846
3120,3184.0,199.0,1096.860745873774
3124,3188.0,199.25,853.4503795721523
3128,3192.0,199.5,892.7544895154272
3132,3196.0,199.75,1433.5053331671068
3136,3200.0,200.0,845.2027250621037
3140,3204.0,200.25,995.1363944010991
3144,3208.0,200.5,786.6542871278323
3148,3212.0,200.75,814.7147028186785
3152,3216.0,201.0,1255.8280081959954
3156,3220.0,201.25,785.6931899512568
3160,3224.0,201.5,888.639008685817
3164,3228.0,201.75,629.3671390599089
3168,3232.0,202.0,690.5577675869085
3172,3236.0,202.25,1047.4640230756345
3176,3240.0,202.5,769.2362274646988
3180,3244.0,202.75,829.3080584771396
3184,3248.0,203.0,659.0374483922093
3188,3252.0,203.25,507.8951015240594
3192,3256.0,203.5,1027.028870841467
3196,3260.0,203.75,733.0214783605427
3200,3264.0,204.0,679.8623382348877
3204,3268.0,204.25,341.8270274538824
3208,3272.0,204.5,570.9571732967486
3212,3276.0,204.75,1033.1561387073673
3216,3280.0,205.0,851.1088672101575
3220,3284.0,205.25,563.2364447631769
3224,3288.0,205.5,443.5686146089419
3228,3292.0,205.75,575.2603690518255
3232,3296.0,206.0,908.046178748163
3236,3300.0,206.25,604.5349038666725
3240,3304.0,206.5,401.0639307817729
3244,3308.0,206.75,426.8391759746757
3248,3312.0,207.0,665.2079632072673
3252,3316.0,207.25,898.4281721889225
3256,3320.0,207.5,490.9042261949398
3260,3324.0,207.75,168.13824541220137
3264,3328.0,208.0,602.9515490722481
3268,3332.0,208.25,791.3561435694131
3272,3336.0,208.5,858.0798807314906
3276,3340.0,208.75,407.8315250828625
3280,3344.0,209.0,13.907836414249427
3284,3348.0,209.25,616.3660830807635
3288,3352.0,209.5,733.9393281019026
3292,3356.0,209.75,899.2637171670918
3296,3360.0,210.0,446.19282552072525
3300,3364.0,210.25,139.58215698432687
3304,3368.0,210.5,510.05244156365495
3308,3372.0,210.75,676.4000912464546
3312,3376.0,211.0,755.4985874028214
3316,3380.0,211.25,493.20612119677355
3320,3384.0,211.5,335.2363145282907
3324,3388.0,211.75,419.4947490828339
3328,3392.0,212.0,723.6132628928274
3332,3396.0,212.25,1091.7120745815569
3336,3400.0,212.5,993.1862033109015
3340,3404.0,212.75,1417.7257255627617
3344,3408.0,213.0,924.4780535243291
3348,3412.0,213.25,887.9140165518778
3352,3416.0,213.5,1032.4871610970065
3356,3420.0,213.75,953.471527419243
3360,3424.0,214.0,1417.5131476420063
3364,3428.0,214.25,957.5761426768385
3368,3432.0,214.5,969.266738587186
3372,3436.0,214.75,1188.4006542614857
3376,3440.0,215.0,1102.8199976025955
3380,3444.0,215.25,1401.0453108071033
3384,3448.0,215.5,960.0433846677367
3388,3452.0,215.75,986.2051746100526
3392,3456.0,216.0,1208.0380346887318
3396,3460.0,216.25,1140.1428919978493
3400,3464.0,216.5,1405.0794347148876
3404,3468.0,216.75,928.7405821898766
3408,3472.0,217.0,989.7771950915909
3412,3476.0,217.25,1222.6362377501125
3416,3480.0,217.5,1113.0923122467627
3420,3484.0,217.75,1533.6678251339326
3424,3488.0,218.0,1077.7751769423048
3428,3492.0,218.25,1052.4677847482565
3432,3496.0,218.5,1070.4658415406209
3436,3500.0,218.75,1052.5926144974442
3440,3504.0,219.0,1536.3739390129929
3444,3508.0,219.25,1168.7322526550647
3448,3512.0,219.5,1170.7218743950386
3452,3516.0,219.75,1124.4398027104144
3456,3520.0,220.0,964.5235593988505
3460,3524.0,220.25,1037.4691520899692
3464,3528.0,220.5,780.40375686897
3468,3532.0,220.75,935.6971324618288
3472,3536.0,221.0,844.3989517486449
3476,3540.0,221.25,1030.9982508019891
3480,3544.0,221.5,907.5542310834602
3484,3548.0,221.75,625.3086187407368
3488,3552.0,222.0,874.6348290081543
3492,3556.0,222.25,835.3593993330646
3496,3560.0,222.5,1070.4998985398345
3500,3564.0,222.75,955.3353260437424
3504,3568.0,223.0,523.9703648491233
3508,3572.0,223.25,840.5326701511005
3512,3576.0,223.5,868.8338207915305
3516,3580.0,223.75,939.2737739732712
3520,3584.0,224.0,805.9643488235646
3524,3588.0,224.25,404.69640036505785
3528,3592.0,224.5,783.0256317798478
3532,3596.0,224.75,822.3845521088106
3536,3600.0,225.0,968.0652100402698
3540,3604.0,225.25,782.5594771005022
3544,3608.0,225.5,371.2858365411781
3548,3612.0,225.75,819.3627199008039
3552,3616.0,226.0,918.4273927229249
3556,3620.0,226.25,1099.2462064959225
3560,3624.0,226.5,725.684801190986
3564,3628.0,226.75,375.4290848032106
3568,3632.0,227.0,870.189532272953
3572,3636.0,227.25,914.6394146774483
3576,3640.0,227.5,1007.8454139188502
3580,3644.0,227.75,750.7800465843287
3584,3648.0,228.0,322.84528861932824
3588,3652.0,228.25,381.0049948001345
3592,3656.0,228.5,633.0766218447854
3596,3660.0,228.75,815.6958507212037
3600,3664.0,229.0,348.30491555577566
3604,3668.0,229.25,239.75206233316834
3608,3672.0,229.5,302.3947285912056
3612,3676.0,229.75,476.5068091987804
3616,3680.0,230.0,673.5827232455002
3620,3684.0,230.25,242.07628679416212
3624,3688.0,230.5,251.46510347375045
3628,3692.0,230.75,350.9961122110493
3632,3696.0,231.0,326.8211094720024
3636,3700.0,231.25,539.9931165305195
3640,3704.0,231.5,151.29299083402293
3644,3708.0,231.75,200.14570952473204
3648,3712.0,232.0,254.69435007382285
3652,3716.0,232.25,274.46220940385194
3656,3720.0,232.5,523.2560653811558
3660,3724.0,232.75,153.63367897539226
3664,3728.0,233.0,197.96958247277732
3668,3732.0,233.25,272.81318418906267
3672,3736.0,233.5,278.9050215277812
3676,3740.0,233.75,423.93691511828627
3680,3744.0,234.0,140.51365325224822
3684,3748.0,234.25,269.1376151391876
3688,3752.0,234.5,288.94330488366955
3692,3756.0,234.75,246.2437793122777
3696,3760.0,235.0,431.7881632985588
3700,3764.0,235.25,179.65788307184494
3704,3768.0,235.5,265.7888562005987
3708,3772.0,235.75,247.26010647911787
3712,3776.0,236.0,194.64469060733637
3716,3780.0,236.25,99.84621019418562
3720,3784.0,236.5,45.78496985844063
3724,3788.0,236.75,213.51161543399294
3728,3792.0,237.0,193.82379242817856
3732,3796.0,237.25,163.99803285070823
3736,3800.0,237.5,41.21151869635894
3740,3804.0,237.75,196.74062092187722
3744,3808.0,238.0,246.41517752207062
3748,3812.0,238.25,290.8124885919814
3752,3816.0,238.5,213.72215807819748
3756,3820.0,238.75,132.52381010671158
3760,3824.0,239.0,183.0733864246061
3764,3828.0,239.25,189.80560816485865
3768,3832.0,239.5,443.0388274662611
3772,3836.0,239.75,341.691853130036
3776,3840.0,240.0,174.3743729600864
3780,3844.0,240.25,204.13157446837616
3784,3848.0,240.5,241.8921524903806
3788,3852.0,240.75,386.78516006586
3792,3856.0,241.0,258.7130206471168
3796,3860.0,241.25,105.54877966238769
3800,3864.0,241.5,222.89306186206414
3804,3868.0,241.75,381.5656886730303
3808,3872.0,242.0,365.74986435127744
3812,3876.0,242.25,177.2619567330433
3816,3880.0,242.5,50.376229924058876
3820,3884.0,242.75,281.4194969641178
3824,3888.0,243.0,436.3021234424818
3828,3892.0,243.25,386.2467896330841
3832,3896.0,243.5,161.3013650301818
3836,3900.0,243.75,37.73135204577881
3840,3904.0,244.0,409.51108753719757
3844,3908.0,244.25,696.7403243802942
3848,3912.0,244.5,384.2805927101682
3852,3916.0,244.75,195.5322437518223
3856,3920.0,245.0,416.51578243842414
3860,3924.0,245.25,546.0072042369608
3864,3928.0,245.5,732.1919503001188
3868,3932.0,245.75,388.4838313521699
3872,3936.0,246.0,198.8648490310187
3876,3940.0,246.25,540.4304297619656
3880,3944.0,246.5,688.1599180153441
3884,3948.0,246.75,722.9633562399182
3888,3952.0,247.0,276.0867923860183
3892,3956.0,247.25,175.96126048239486
3896,3960.0,247.5,673.144483953631
3900,3964.0,247.75,707.6639828684663
3904,3968.0,248.0,748.2813736629129
3908,3972.0,248.25,255.2410520988785
3912,3976.0,248.5,284.4199155803101
3916,3980.0,248.75,629.3952281248406
3920,3984.0,249.0,580.4537552682353
3924,3988.0,249.25,661.3523194908992
3928,3992.0,249.5,296.89289858530407
3932,3996.0,249.75,195.5823228067106
3936,4000.0,250.0,554.1319298557991
3940,4004.0,250.24999999999997,685.3133859344371
3944,4008.0,250.5,678.0689198337024
3948,4012.0,250.74999999999997,289.86671477437574
3952,4016.0,251.0,307.59304639804793
3956,4020.0,251.24999999999997,565.3137142482356
3960,4024.0,251.5,563.9454516082068
3964,4028.0,251.74999999999997,648.7461770032929
3968,4032.0,252.0,283.3570671691686
3972,4036.0,252.24999999999997,322.325224783478
3976,4040.0,252.5,499.48707644215153
3980,4044.0,252.74999999999997,685.6872878330811
3984,4048.0,253.0,671.313058987749
3988,4052.0,253.24999999999997,371.0925339018741
3992,4056.0,253.5,334.68285506560676
3996,4060.0,253.74999999999997,553.2616312730484
4000,4064.0,254.0,620.1201144603945
4004,4068.0,254.24999999999997,662.3259748214631
4008,4072.0,254.5,490.53947240846384
4012,4076.0,254.74999999999997,390.75455705967767
4016,4080.0,255.0,430.9743168190195
4020,4084.0,255.24999999999997,626.2708541317263
4024,4088.0,255.5,656.1149542140763
4028,4092.0,255.74999999999997,442.248811201919
4032,4096.0,256.0,377.99186507317825
4036,4100.0,256.25,405.85374084681354
4040,4104.0,256.5,589.7870792795545
4044,4108.0,256.75,673.530567239383
4048,4112.0,257.0,475.16287092295966
4052,4116.0,257.25,398.43651068809044
4056,4120.0,257.5,494.0532200556465
4060,4124.0,257.75,531.1589586357647
4064,4128.0,258.0,559.2428145808266
4068,4132.0,258.25,561.5786364843948
4072,4136.0,258.5,492.51137929939705
4076,4140.0,258.75,335.7253210198471
4080,4144.0,259.0,568.707032466818
4084,4148.0,259.25,725.3425782301966
4088,4152.0,259.5,576.4941244239888
4092,4156.0,259.75,495.97148780111235
4096,4160.0,260.0,538.4154129035325
4100,4164.0,260.25,670.2918741078838
4104,4168.0,260.5,685.020146961206
4108,4172.0,260.75,667.0906740342122
4112,4176.0,261.0,538.4790036327311
4116,4180.0,261.25,689.2150322889468
4120,4184.0,261.5,760.5302473226183
4124,4188.0,261.75,630.0155257549648
4128,4192.0,262.0,671.2232464710191
4132,4196.0,262.25,714.7773634094108
4136,4200.0,262.5,770.148989122365
4140,4204.0,262.75,768.1153828530244
4144,4208.0,263.0,631.310547545599
4148,4212.0,263.25,705.6900226587761
4152,4216.0,263.5,631.6852979334499
4156,4220.0,263.75,808.7597402889897
4160,4224.0,264.0,793.050117850939
4164,4228.0,264.25,675.7057288132593
4168,4232.0,264.5,711.996069182679
4172,4236.0,264.75,710.8091416745907
4176,4240.0,265.0,891.2323813868794
4180,4244.0,265.25,915.2178690047132
4184,4248.0,265.5,771.5886308401301
4188,4252.0,265.75,731.5367511114488
4192,4256.0,266.0,706.2755509441605
4196,4260.0,266.25,961.2668540028573
4200,4264.0,266.5,994.9778491065875
4204,4268.0,266.75,740.6331635053353
4208,4272.0,267.0,657.0399648053424
4212,4276.0,267.25,833.7881479558179
4216,4280.0,267.5,1075.1499982137846
4220,4284.0,267.75,932.1893612184766
4224,4288.0,268.0,788.8815463242106
4228,4292.0,268.25,629.390383818691
4232,4296.0,268.5,631.6004439642286
4236,4300.0,268.75,705.4229158756411
4240,4304.0,269.0,701.9756477048342
4244,4308.0,269.25,773.8288666339313
4248,4312.0,269.5,777.9113736702578
4252,4316.0,269.75,690.1807979483447
4256,4320.0,270.0,744.6390344623424
4260,4324.0,270.25,754.7841813078835
4264,4328.0,270.5,841.4725262382161
4268,4332.0,270.75,674.6726401427611
4272,4336.0,271.0,600.4739095037506
4276,4340.0,271.25,638.1312828269888
4280,4344.0,271.5,677.1472728764742
4284,4348.0,271.75,800.1656223256873
4288,4352.0,272.0,665.6394750151458
4292,4356.0,272.25,635.2046219772157
4296,4360.0,272.5,619.9189687877437
4300,4364.0,272.75,712.0271279521628
4304,4368.0,273.0,739.0499247938244
4308,4372.0,273.25,672.0496349832692
4312,4376.0,273.5,617.3481909466597
4316,4380.0,273.75,551.3592443756319
4320,4384.0,274.0,649.3262624726573
4324,4388.0,274.25,749.9561108754796
4328,4392.0,274.5,794.1312634584277
4332,4396.0,274.75,717.2249893640518
4336,4400.0,275.0,406.44176863069606
4340,4404.0,275.25,531.8906032984818
4344,4408.0,275.5,791.5432840651761
4348,4412.0,275.75,736.1775567260362
4352,4416.0,276.0,651.6902875795741
4356,4420.0,276.25,337.53432186062383
4360,4424.0,276.5,172.1551419889993
4364,4428.0,276.75,353.2302496717007
4368,4432.0,277.0,500.3889994441293
4372,4436.0,277.25,581.6161666924443
4376,4440.0,277.5,307.4160104714549
4380,4444.0,277.75,174.9957181789604
4384,4448.0,278.0,330.1563168226599
4388,4452.0,278.25,387.5062917780229
4392,4456.0,278.5,575.1035276604744
4396,4460.0,278.75,237.74154355403425
4400,4464.0,279.0,133.95459938563735
4404,4468.0,279.25,194.09835865208805
4408,4472.0,279.5,297.17691249461035
4412,4476.0,279.75,374.13685363546983
4416,4480.0,280.0,254.85516254191631
4420,4484.0,280.25,247.98284412124175
4424,4488.0,280.5,66.24958964270795
4428,4492.0,280.75,186.1547110429986
4432,4496.0,281.0,311.22374541931947
4436,4500.0,281.25,198.1442726092139
4440,4504.0,281.5,276.95364465881414
4444,4508.0,281.75,125.82805111388068
4448,4512.0,282.0,173.1322134628669
4452,4516.0,282.25,304.0993529912915
4456,4520.0,282.5,364.1757335933319
4460,4524.0,282.75,377.066935176528
4464,4528.0,283.0,181.5560532212421
4468,4532.0,283.25,187.66714811512432
4472,4536.0,283.5,234.38716215549425
4476,4540.0,283.75,212.2339119764353
4480,4544.0,284.0,311.23941967445626
4484,4548.0,284.25,261.0883323049079
4488,4552.0,284.5,325.20583185260324
4492,4556.0,284.75,383.5931632570298
4496,4560.0,285.0,324.15630581823507
4500,4564.0,285.25,299.19931729389066
4504,4568.0,285.5,308.1702918670139
4508,4572.0,285.75,345.8594686295385
4512,4576.0,286.0,313.66066134678795
4516,4580.0,286.25,226.21072404509704
4520,4584.0,286.5,212.24174501787107
4524,4588.0,286.75,301.7870082676859
4528,4592.0,287.0,386.5637839845677
4532,4596.0,287.25,355.7057185136562
4536,4600.0,287.5,209.26255584585178
4540,4604.0,287.75,88.52427883227628
4544,4608.0,288.0,271.09125882956624
4548,4612.0,288.25,288.9433878903839
4552,4616.0,288.5,293.22065870399405
4556,4620.0,288.75,157.31815830681774
4560,4624.0,289.0,44.750672013561264
4564,4628.0,289.25,210.16323858840119
4568,4632.0,289.5,253.39506068079254
4572,4636.0,289.75,357.32551765950114
4576,4640.0,290.0,261.06268394286803
4580,4644.0,290.25,139.09459871718127
4584,4648.0,290.5,174.80555561446366
4588,4652.0,290.75,232.5318454599113
4592,4656.0,291.0,413.6208805285193
4596,4660.0,291.25,338.751135605774
4600,4664.0,291.5,179.87504783443353
4604,4668.0,291.75,165.3997718078888
4608,4672.0,292.0,337.33064301818877
4612,4676.0,292.25,440.5517756104916
4616,4680.0,292.5,477.15563092538144
4620,4684.0,292.75,346.46692266914465
4624,4688.0,293.0,197.64993335335484
4628,4692.0,293.25,367.1321884545889
4632,4696.0,293.5,451.9144116927539
4636,4700.0,293.75,549.0723522873083
4640,4704.0,294.0,388.3109953291241
4644,4708.0,294.25,137.8927292878226
4648,4712.0,294.5,429.9584047521157
4652,4716.0,294.75,543.6168982279314
4656,4720.0,295.0,560.2033656930481
4660,4724.0,295.25,439.8835872021022
4664,4728.0,295.5,83.4902529474285
4668,4732.0,295.75,448.3799933269198
4672,4736.0,296.0,630.4685420451565
4676,4740.0,296.25,625.6708803533422
4680,4744.0,296.5,456.10927978199265
4684,4748.0,296.75,155.069568216375
4688,4752.0,297.0,410.30932986145024
4692,4756.0,297.25,612.6987236130394
4696,4760.0,297.5,583.4970084805688
4700,4764.0,297.75,477.81652440192994
4704,4768.0,298.0,177.63124148424077
4708,4772.0,298.25,382.63501586289203
4712,4776.0,298.5,586.4449457252977
4716,4780.0,298.75,533.5961152188233
4720,4784.0,299.0,495.2167681731684
4724,4788.0,299.25,249.21019512959526
4728,4792.0,299.5,390.5158190354497
4732,4796.0,299.75,590.3988856543989
4736,4800.0,300.0,633.7671648501075
4740,4804.0,300.25,359.06783225460924
4744,4808.0,300.5,113.14889173064408
4748,4812.0,300.75,462.6832332835863
4752,4816.0,301.0,689.5950153826639
4756,4820.0,301.25,649.2400658218432
4760,4824.0,301.5,229.6606047413016
4764,4828.0,301.75,136.43793229324925
4768,4832.0,302.0,478.54722431438597
4772,4836.0,302.25,548.3275837971479
4776,4840.0,302.5,544.941059511249
4780,4844.0,302.75,250.35592994216876
4784,4848.0,303.0,132.51731619029093
4788,4852.0,303.25,448.972130170858
4792,4856.0,303.5,491.1446823260149
4796,4860.0,303.75,474.70845150486485
4800,4864.0,304.0,199.30369684388057
